key;lame;nerd;nerd-v2;nerd-mono
win;; ;;
session;; ;;
bell;! ;󰅸 ;;
prefix;P;󰨙;;
copy;C;;;
tree;T;󱏒;;
zoom;Z;󱉶;;
branch;;;;
money;$;;;
kimi;$;;;
deepseek;;󰫣;;
opencode;;󱇘;;
percent;%;;;
plug;;;;
battery.full;=;󰂄;;
battery.charging.0;+;󰢜;;
battery.charging.1;+;󰂆;;
battery.charging.2;+;󰂇;;
battery.charging.3;+;󰂈;;
battery.charging.4;+;󰢝;;
battery.charging.5;+;󰂉;;
battery.charging.6;+;󰢞;;
battery.charging.7;+;󰂊;;
battery.charging.8;+;󰂋;;
battery.charging.9;+;󰂅;;
battery.discharging.0;-;󱃍;;
battery.discharging.1;-;󰁻;;
battery.discharging.2;-;󰁼;;
battery.discharging.3;-;󰁽;;
battery.discharging.4;-;󰁾;;
battery.discharging.5;-;󰁿;;
battery.discharging.6;-;󰂀;;
battery.discharging.7;-;󰂁;;
battery.discharging.8;-;󰂂;;
battery.discharging.9;-;󰁹;;
os.alpine;Alpine;;;
os.amzn;Amazon;;;
os.android;Android;;;
os.arch;Arch;󰣇;;
os.omarchy;Omarchy;󰣇;;
os.artix;Artix;󰣇;;
os.centos;CentOS;;;
os.darwin;macOS;󰀵;;
os.debian;Debian;󰣚;;
os.fedora;Fedora;󰣛;;
os.gentoo;Gentoo;󰣨;;
os.manjaro;Manjaro;;;
os.mint;Mint;󰣭;;
os.nixos;NixOS;;;
os.opensuse;openSUSE;;;
os.raspbian;Raspbian;󰐿;;
os.rhel;RHEL;󱄛;;
os.redhat;Red Hat;󱄛;;
os.rocky;Rocky;;;
os.ubuntu;Ubuntu;;;
os.linux;Linux;󰌽;;
keyboard;K;;;
mouse;M;󰍽;;
headphone;H;󱡏;;
headphone.narrow;H;󰎇;;
speech.transcribe;r;󰔮;鶴;
speech.record;r;󰦚;;
remote.github;;;;
remote.gitlab;;;;
remote.bitbucket;;;;
remote.git;;󰊢;;
host;;󰢹;;
reload;;󱑠;;
pane;;;;
shell.bash;;;;
shell.fish;;󰈺;;
shell.nu;;;;
shell.zsh;;;;
lang.c;;;;
lang.java;;󰬷;;
lang.kotlin;;󱈙;;
lang.lua;;󰢱;;
lang.python;;󰌠;;
lang.rust;;󱘗;;
clock.1;;;;
clock.2;;;;
clock.3;;;;
clock.4;;;;
clock.5;;;;
clock.6;;;;
clock.7;;;;
clock.8;;;;
clock.9;;;;
clock.10;;;;
clock.11;;;;
clock.12;;;;
date;;󰃭;;
docker;;󰡨;;
